TODAY: 2026-09-29
=== C:\ ===
  code                                                1.8 MB  newest 2025-09-13 (381d)
  code\.vscode                                        0.0 MB  newest 2025-09-13 (381d)
  db                                                  4.0 MB  newest 2025-10-03 (361d)
  Dev-Cpp                                            58.8 MB  newest 2024-09-03 (756d)
  Dev-Cpp\bin                                        11.7 MB  newest 2005-01-30 (7913d)
  Dev-Cpp\Examples                                    0.1 MB  newest 2004-11-12 (7992d)
  Dev-Cpp\Help                                        0.9 MB  newest 2005-01-29 (7913d)
  Dev-Cpp\Icons                                       0.1 MB  newest 2002-10-27 (8738d)
  Dev-Cpp\include                                     7.0 MB  newest 2005-01-30 (7913d)
  Dev-Cpp\Lang                                        0.8 MB  newest 2005-02-19 (7892d)
  Dev-Cpp\lib                                        22.1 MB  newest 2005-01-30 (7913d)
  Dev-Cpp\libexec                                     9.0 MB  newest 2005-01-30 (7913d)
  Dev-Cpp\mingw32                                     3.4 MB  newest 2005-01-30 (7913d)
  Dev-Cpp\Packages                                    0.0 MB  newest 2005-01-30 (7913d)
  Dev-Cpp\Templates                                   0.0 MB  newest 2004-11-12 (7991d)
  diao_ble                                          215.1 MB  newest 2022-10-28 (1432d)
  diao_ble\bin                                      117.1 MB  newest 2022-10-28 (1432d)
  diao_ble\legal                                      0.2 MB  newest 2020-08-06 (2245d)
  diao_ble\lib                                       97.8 MB  newest 2020-08-06 (2245d)
  dual-arm-rubiks-cube-robot-v2-master               24.4 MB  newest 2025-06-20 (466d)
  dual-arm-rubiks-cube-robot-v2-master\dual-arm-rubiks-cube-robot-v2-master      24.4 MB  newest 2025-06-20 (467d)
  MentorGraphics                                     96.8 MB  newest 2025-11-29 (304d)
  MentorGraphics\Install                             96.8 MB  newest 2025-11-29 (304d)
  Microsoft Shared                                    0.3 MB  newest 2025-04-23 (524d)
  Microsoft Shared\Phone Tools                        0.3 MB  newest 2025-04-23 (524d)
  opencv-python                                     420.9 MB  newest 2025-10-12 (352d)
  opencv-python\.git                                 87.4 MB  newest 2025-04-28 (519d)
  opencv-python\.idea                                 0.0 MB  newest 2025-04-16 (531d)
  opencv-python\.venv                                40.9 MB  newest 2025-05-30 (487d)
  opencv-python\opencv_env                           11.5 MB  newest 2025-06-05 (482d)
  opencv-python\package_src                           0.1 MB  newest 2025-04-16 (531d)
  opencv-python\RubiksCube-TwophaseSolver           210.3 MB  newest 2025-06-29 (457d)
  opencv-python\twophase                             69.9 MB  newest 2025-06-08 (478d)
  opencv-python\__pycache__                           0.2 MB  newest 2025-06-21 (465d)
  RubiksCube-TwophaseSolver                         210.3 MB  newest 2025-06-21 (465d)
  RubiksCube-TwophaseSolver\.git                     87.4 MB  newest 2025-04-28 (519d)
  RubiksCube-TwophaseSolver\.idea                     0.0 MB  newest 2025-04-16 (531d)
  RubiksCube-TwophaseSolver\.venv                    40.9 MB  newest 2025-05-30 (487d)
  RubiksCube-TwophaseSolver\opencv_env               11.5 MB  newest 2025-06-05 (482d)
  RubiksCube-TwophaseSolver\package_src               0.1 MB  newest 2025-04-16 (531d)
  RubiksCube-TwophaseSolver\twophase                 69.9 MB  newest 2025-04-16 (531d)
  RubiksCube-TwophaseSolver\__pycache__               0.2 MB  newest 2025-06-20 (466d)
  SolidWorks_Flexnet_Server                           6.2 MB  newest 2026-09-29 (0d)
  SteamLibrary                                        0.5 MB  newest 2025-02-22 (584d)
  tmp                                                20.3 MB  newest 2026-09-13 (16d)
  Users                                         102,207.2 MB  newest 2026-09-29 (0d)
  Users\Default                                       2.7 MB  newest 2026-09-29 (0d)
  Users\FDCX                                     90,272.8 MB  newest 2026-09-29 (0d)
  Users\Public                                      326.6 MB  newest 2026-09-29 (0d)
  WCH.CN                                              2.3 MB  newest 2024-10-28 (701d)
  WCH.CN\CH341SER                                     1.1 MB  newest 2023-03-15 (1295d)
  WCH.CN\CH343SER                                     1.2 MB  newest 2024-10-28 (701d)
=== D:\ ===
  .Trash-1000                                       216.0 MB  newest 2025-10-02 (363d)
  .Trash-1000\files                                 216.0 MB  newest 2025-02-13 (593d)
  .Trash-1000\info                                    0.0 MB  newest 2025-10-02 (363d)
  20260404_203014                                 1,543.8 MB  newest 2026-04-19 (164d)
  20260404_203014\image                             204.0 MB  newest 2026-04-19 (164d)
  anaconda                                        5,713.5 MB  newest 2025-04-08 (539d)
  anaconda\bin                                        5.8 MB  newest 2020-12-08 (2121d)
  anaconda\conda-meta                                 5.6 MB  newest 2024-10-20 (709d)
  anaconda\condabin                                   0.0 MB  newest 2021-06-30 (1917d)
  anaconda\DLLs                                       6.1 MB  newest 2021-09-17 (1839d)
  anaconda\etc                                        0.0 MB  newest 2024-10-20 (709d)
  anaconda\include                                    2.5 MB  newest 2021-09-17 (1839d)
  anaconda\Lib                                    1,077.2 MB  newest 2025-04-08 (539d)
  anaconda\Library                                1,466.6 MB  newest 2024-10-20 (709d)
  anaconda\libs                                       0.5 MB  newest 2021-09-17 (1839d)
  anaconda\man                                        0.0 MB  newest 2020-12-01 (2129d)
  anaconda\Menu                                       1.1 MB  newest 2021-11-10 (1785d)
  anaconda\pkgs                                   3,066.9 MB  newest 2024-10-20 (709d)
  anaconda\Scripts                                    8.4 MB  newest 2024-10-20 (709d)
  anaconda\share                                     18.6 MB  newest 2024-10-20 (709d)
  anaconda\shell                                      0.0 MB  newest 2024-10-20 (709d)
  anaconda\sip                                        2.7 MB  newest 2017-11-23 (3232d)
  anaconda\tcl                                        7.7 MB  newest 2018-12-14 (2847d)
  anaconda\Tools                                      0.9 MB  newest 2021-09-17 (1839d)
  BaiduNetdiskDownload                            9,414.9 MB  newest 2024-10-13 (716d)
  BaiduNetdiskDownload\Program Files (x86)        9,414.9 MB  newest 2024-10-13 (716d)
  BaiduSyncdisk                                       0.0 MB  newest 2026-09-07 (22d)
  blockbench                                        381.7 MB  newest 2026-09-21 (8d)
  blockbench\locales                                 46.6 MB  newest 2026-09-21 (8d)
  blockbench\resources                               33.8 MB  newest 2026-09-21 (8d)
  d34c97308957d122256976d6                        1,508.6 MB  newest 2026-07-04 (87d)
  d34c97308957d122256976d6\1025                       0.2 MB  newest 2014-04-13 (4553d)
  d34c97308957d122256976d6\1028                       0.2 MB  newest 2014-04-13 (4553d)
  d34c97308957d122256976d6\1029                       0.2 MB  newest 2014-04-13 (4553d)
  d34c97308957d122256976d6\1030                       0.2 MB  newest 2014-04-13 (4553d)
  d34c97308957d122256976d6\1031                       0.2 MB  newest 2014-04-13 (4553d)
  d34c97308957d122256976d6\1032                       0.2 MB  newest 2014-04-13 (4553d)
  d34c97308957d122256976d6\1033                       0.2 MB  newest 2014-04-13 (4553d)
  d34c97308957d122256976d6\1035                       0.2 MB  newest 2014-04-13 (4553d)
  d34c97308957d122256976d6\1036                       0.3 MB  newest 2014-04-13 (4553d)
  d34c97308957d122256976d6\1037                       0.2 MB  newest 2014-04-13 (4553d)
  d34c97308957d122256976d6\1038                       0.3 MB  newest 2014-04-13 (4553d)
  d34c97308957d122256976d6\1040                       0.2 MB  newest 2014-04-13 (4553d)
  d34c97308957d122256976d6\1041                       0.2 MB  newest 2014-04-13 (4553d)
  d34c97308957d122256976d6\1042                       0.3 MB  newest 2014-04-13 (4553d)
  d34c97308957d122256976d6\1043                       0.2 MB  newest 2014-04-13 (4553d)
  d34c97308957d122256976d6\1044                       0.2 MB  newest 2014-04-13 (4553d)
  d34c97308957d122256976d6\1045                       0.3 MB  newest 2014-04-13 (4553d)
  d34c97308957d122256976d6\1046                       0.2 MB  newest 2014-04-13 (4553d)
  d34c97308957d122256976d6\1049                       0.3 MB  newest 2014-04-13 (4553d)
  d34c97308957d122256976d6\1053                       0.2 MB  newest 2014-04-13 (4553d)
  d34c97308957d122256976d6\1055                       0.2 MB  newest 2014-04-13 (4553d)
  d34c97308957d122256976d6\2052                       0.2 MB  newest 2014-04-13 (4553d)
  d34c97308957d122256976d6\2070                       0.2 MB  newest 2014-04-13 (4553d)
  d34c97308957d122256976d6\3082                       0.2 MB  newest 2014-04-13 (4553d)
  d34c97308957d122256976d6\Graphics                   0.1 MB  newest 2014-03-27 (4569d)
  d34c97308957d122256976d6\NetFx451                   4.7 MB  newest 2014-03-27 (4569d)
  IntelliJ IDEA 2026.2.2                          4,340.7 MB  newest 2026-09-09 (20d)
  IntelliJ IDEA 2026.2.2\bin                          8.2 MB  newest 2026-09-09 (20d)
  IntelliJ IDEA 2026.2.2\help                         0.2 MB  newest 2026-09-02 (27d)
  IntelliJ IDEA 2026.2.2\jbr                        169.2 MB  newest 2026-09-02 (27d)
  IntelliJ IDEA 2026.2.2\jdk-shared-indexes          80.4 MB  newest 2026-09-02 (27d)
  IntelliJ IDEA 2026.2.2\lib                      1,001.4 MB  newest 2026-09-02 (27d)
  IntelliJ IDEA 2026.2.2\license                      0.6 MB  newest 2026-09-02 (27d)
  IntelliJ IDEA 2026.2.2\modules                      1.4 MB  newest 2026-09-02 (27d)
  IntelliJ IDEA 2026.2.2\plugins                  3,078.8 MB  newest 2026-09-02 (27d)
  IntelliJ IDEA 2026.2.2\project                      0.0 MB  newest 2026-09-09 (20d)
  mcidea                                             12.7 MB  newest 2026-09-14 (15d)
  miHoYo Launcher                                   466.9 MB  newest 2026-09-29 (0d)
  miHoYo Launcher\1.18.0.380                        407.8 MB  newest 2026-09-29 (0d)
  ModTest                                         2,782.4 MB  newest 2026-09-29 (0d)
  ModTest\.dsh-tmp                                    6.6 MB  newest 2026-09-29 (0d)
  ModTest\.git                                      440.9 MB  newest 2026-09-29 (0d)
  ModTest\.gradle                                    29.9 MB  newest 2026-09-29 (0d)
  ModTest\.idea                                       0.0 MB  newest 2026-09-13 (16d)
  ModTest\.jdk17                                     86.9 MB  newest 2026-04-12 (170d)
  ModTest\archive                                     0.0 MB  newest 2026-09-18 (11d)
  ModTest\build                                     257.7 MB  newest 2026-09-29 (0d)
  ModTest\design                                      0.0 MB  newest 2026-09-16 (13d)
  ModTest\docs                                        1.1 MB  newest 2026-09-29 (0d)
  ModTest\gradle                                      0.1 MB  newest 2025-10-09 (355d)
  ModTest\libs                                       25.8 MB  newest 2026-09-15 (14d)
  ModTest\logs                                        0.0 MB  newest 2026-09-29 (1d)
  ModTest\magic_modelandtexture                       0.5 MB  newest 2026-09-29 (0d)
  ModTest\model-source                                0.3 MB  newest 2026-09-13 (16d)
  ModTest\modpack                                   190.1 MB  newest 2026-09-29 (0d)
  ModTest\music-inbox                                 0.0 MB  newest 2026-09-21 (8d)
  ModTest\questbook                                   0.1 MB  newest 2026-09-29 (0d)
  ModTest\run                                        28.2 MB  newest 2026-09-18 (12d)
  ModTest\src                                        88.3 MB  newest 2026-09-29 (0d)
  ModTest\startup-backup                              0.0 MB  newest 2026-09-29 (1d)
  ModTest\tools                                       0.7 MB  newest 2026-09-29 (0d)
  ModTest\剧情                                          0.1 MB  newest 2026-09-26 (3d)
  New Folder                                        101.8 MB  newest 2026-09-08 (22d)
  New Folder\node_modules                            12.5 MB  newest 2026-09-07 (22d)
  ProgramData                                         0.6 MB  newest 2026-09-14 (15d)
  ProgramData\QuarkCloudDrive                         0.6 MB  newest 2026-09-14 (15d)
  QQMusicCache                                        0.9 MB  newest 2024-09-18 (741d)
  QQMusicCache\downloadproxyNew                       0.9 MB  newest 2024-09-18 (741d)
  QQMusicCache\WebkitCache                            0.0 MB  newest 2024-09-18 (741d)
  qqpcmgr_docpro                                    229.0 MB  newest 2025-04-20 (527d)
  qqpcmgr_docpro\2025-04-13                           0.3 MB  newest 2025-04-13 (534d)
  qqpcmgr_docpro\2025-04-14                           8.4 MB  newest 2025-04-14 (533d)
  qqpcmgr_docpro\2025-04-15                         158.3 MB  newest 2025-04-15 (532d)
  qqpcmgr_docpro\2025-04-16                          46.3 MB  newest 2025-04-17 (531d)
  qqpcmgr_docpro\2025-04-17                           6.0 MB  newest 2025-04-17 (530d)
  qqpcmgr_docpro\2025-04-18                           1.2 MB  newest 2025-04-18 (529d)
  qqpcmgr_docpro\2025-04-19                           8.4 MB  newest 2025-04-19 (528d)
  qqpcmgr_docpro\2025-04-20                           0.0 MB  newest 2025-04-20 (527d)
  texlive2025                                     8,372.9 MB  newest 2026-08-09 (51d)
  texlive2025\texlive                             8,372.9 MB  newest 2026-08-09 (51d)
  Thunder                                         1,235.4 MB  newest 2026-04-15 (167d)
  Thunder\BHO                                         8.8 MB  newest 2026-04-12 (170d)
  Thunder\Profiles                                   92.5 MB  newest 2026-04-15 (167d)
  Thunder\Program                                 1,128.7 MB  newest 2026-04-15 (167d)
  Thunder\Thunder BHO Platform                        5.4 MB  newest 2026-04-12 (170d)
  USB摄像头中文测试软件                                        1.8 MB  newest 2025-04-03 (544d)
  WeGameApps                                     36,689.5 MB  newest 2026-09-28 (1d)
  WeGameApps\common_apps                            122.6 MB  newest 2025-04-17 (530d)
  WeGameApps\rail_apps                           36,566.9 MB  newest 2026-09-28 (1d)
  WeGameApps\rail_user_data                           0.0 MB  newest 2024-12-12 (656d)
  发给朋友                                               23.4 MB  newest 2026-09-16 (14d)
  查看                                                 99.0 MB  newest 2026-09-18 (11d)
  查看\TN-C_idea                                        0.4 MB  newest 2026-09-18 (11d)
  查看\whisperingstatusbar-贴图                           0.0 MB  newest 2026-09-17 (12d)
  查看\_town_extract                                   97.4 MB  newest 2022-12-21 (1378d)
  查看\原版贴图                                             0.5 MB  newest 2026-09-18 (11d)
  查看\参考_别人的GUI                                        0.1 MB  newest 2025-06-15 (471d)
  查看\魔法石贴图                                            0.6 MB  newest 2026-09-18 (11d)
  电脑管家迁移文件                                       25,082.5 MB  newest 2026-09-29 (0d)
  电脑管家迁移文件\qqnt                                   1,019.0 MB  newest 2026-09-29 (0d)
  电脑管家迁移文件\QQ聊天记录搬家                              14,368.0 MB  newest 2026-09-29 (0d)
  电脑管家迁移文件\wechat                                   401.2 MB  newest 2025-07-23 (433d)
  电脑管家迁移文件\微信聊天记录搬家                               9,294.2 MB  newest 2026-09-24 (5d)
=== E:\ ===
  appdata                                            86.4 MB  newest 2025-05-02 (515d)
  appdata\components                                  3.7 MB  newest 2025-05-02 (515d)
  appdata\files                                      77.0 MB  newest 2025-05-02 (515d)
  appdata\products                                    5.0 MB  newest 2025-05-02 (515d)
  BaiduNetdiskDownload                           19,672.7 MB  newest 2026-06-25 (97d)
  BaiduNetdiskDownload\2026美赛Word及Latex模板            49.2 MB  newest 2026-02-03 (239d)
  BaiduNetdiskDownload\FourierN1模型总装              3,439.0 MB  newest 2026-06-14 (108d)
  BaiduNetdiskDownload\MATLAB R2020a                  5.0 MB  newest 2025-05-02 (515d)
  BaiduNetdiskDownload\傅里叶机器人Fourier N1全套加工文件         3.9 MB  newest 2026-06-13 (109d)
  BaiduNetdiskDownload\爱笑的生鱼片分享（需要哪文件先保存到自己网盘再下载，防止链接丢失）  16,028.8 MB  newest 2026-04-16 (167d)
  bin                                             5,298.4 MB  newest 2025-05-18 (499d)
  bin\icutzdata                                       0.2 MB  newest 2019-12-11 (2484d)
  bin\m3iregistry                                     0.0 MB  newest 2019-11-19 (2506d)
  bin\util                                            0.0 MB  newest 2020-01-23 (2442d)
  bin\win32                                           1.9 MB  newest 2019-11-19 (2506d)
  bin\win64                                       5,295.9 MB  newest 2020-03-25 (2379d)
  derived                                            69.3 MB  newest 2020-02-19 (2415d)
  derived\src                                         0.0 MB  newest 2020-01-23 (2441d)
  derived\toolbox                                    64.9 MB  newest 2020-02-19 (2415d)
  derived\ui                                          4.3 MB  newest 2019-11-19 (2506d)
  derived\win64                                       0.0 MB  newest 2019-11-20 (2506d)
  download                                       50,235.2 MB  newest 2026-09-29 (0d)
  download\01_考试资料                                   23.9 MB  newest 2026-06-14 (107d)
  download\2026年马原复习资料（fumomo版）                       7.7 MB  newest 2026-01-29 (244d)
  download\3f0566f268e70a9a0673d49e7c7755f6_6560776559180587253      25.5 MB  newest 2023-11-09 (1055d)
  download\4.4                                      339.4 MB  newest 2026-09-08 (21d)
  download\Attitude stabilization of slender payloads in partial space elevator transport by super-twisting sliding mod
e control      94.4 MB  newest 2026-01-30 (242d)
  download\blender.crt                                2.0 MB  newest 2025-04-29 (518d)
  download\blender.shared                           267.8 MB  newest 2025-04-29 (518d)
  download\Bock-Medium                                0.1 MB  newest 2023-02-13 (1324d)
  download\CC-Switch-v3.15.0-Windows-Portable        28.7 MB  newest 2026-05-16 (137d)
  download\download                                   0.1 MB  newest 2026-06-09 (112d)
  download\eb5b2a96a3a5b8d3cc654ec9251de4a8_7291581253411109249       8.1 MB  newest 2023-04-18 (1260d)
  download\forge-26.2-65.1.0-installer                8.4 MB  newest 2026-09-09 (20d)
  download\forge-26.2-65.1.0-mdk                      0.1 MB  newest 1980-02-01 (17043d)
  download\jlc-assistant-window-ia32-5.1.10          67.2 MB  newest 2023-10-08 (1087d)
  download\license                                    0.4 MB  newest 2025-04-23 (524d)
  download\LivoxViewer_2.3.0_Win64                  223.3 MB  newest 2025-10-25 (339d)
  download\matlabR2025a                             737.7 MB  newest 2025-06-16 (470d)
  download\MCHOSE_HUB_installer                     168.5 MB  newest 2025-09-25 (369d)
  download\MC整合包：愚者(TheFool)                          1.7 MB  newest 2026-05-09 (143d)
  download\MindCloudGo0.0.24                         29.0 MB  newest 2023-08-10 (1146d)
  download\MindCloudV0.0.4                          678.0 MB  newest 2026-04-04 (178d)
  download\neoforge-26.2.0.82-installer               4.0 MB  newest 1980-02-01 (17043d)
  download\python and cpp code、                       1.4 MB  newest 2025-12-30 (273d)
  download\Python-3.11.12                            92.8 MB  newest 2025-04-08 (539d)
  download\Python-3.5.8                              72.7 MB  newest 2019-10-29 (2527d)
  download\Radmin VPN (2)                           132.7 MB  newest 2025-06-25 (461d)
  download\RMTools_11.0.0.26_stu (1)                 34.8 MB  newest 2025-04-27 (520d)
  download\rtl                                        0.0 MB  newest 2026-01-13 (259d)
  download\Snipaste-2.10.6-x64                       49.9 MB  newest 2026-07-12 (79d)
  download\texlive2025                            6,118.7 MB  newest 2025-03-08 (570d)
  download\turtlebot3_slam_nav                        0.0 MB  newest 2025-07-22 (435d)
  download\VID_20260712_103157等3项文件                 163.2 MB  newest 2026-07-12 (79d)
  download\千夏_午后茶歇_by_绝区零_27ecf6f31fc0aea739795acdc8b98cb7      15.3 MB  newest 2026-02-05 (236d)
  download\参赛证明                                       9.3 MB  newest 2025-06-30 (456d)
  download\大一下学习资料                                  180.0 MB  newest 2023-07-24 (1163d)
  download\大学物理（A）下近年卷（fumomo版）                      17.4 MB  newest 2026-01-20 (252d)
  download\实验4 datetime库                              5.1 MB  newest 2022-03-21 (1653d)
  download\带盖药瓶瓶身贴有模糊标签瓶盖与瓶身呈多边形设计表面有污渍和磨_爱给网_aigei_com       3.9 MB  newest 2026-03-11 (202d)
  download\数据库试卷                                     35.0 MB  newest 2024-11-13 (685d)
  download\最优化方法                                     10.0 MB  newest 2026-07-04 (87d)
  download\最优化方法 (1)                                 10.3 MB  newest 2026-07-05 (86d)
  download\机械组第二次作业                                   0.4 MB  newest 2025-09-26 (368d)
  download\机械组第二次培训视频                               278.2 MB  newest 2025-09-26 (368d)
  download\比基尼海滩    李俊江(1)                            0.0 MB  newest 2025-10-10 (354d)
  download\毛概题库                                     162.8 MB  newest 2025-06-12 (474d)
  download\第七讲                                        3.0 MB  newest 2024-04-16 (896d)
  download\第五讲                                        1.5 MB  newest 2021-03-30 (2009d)
  download\第八讲                                        2.6 MB  newest 2025-04-22 (525d)
  download\第六讲                                        2.1 MB  newest 2021-04-21 (1987d)
  download\第十二讲 总复习                                   5.3 MB  newest 2024-05-21 (861d)
  download\简化哨兵总装V2.1                                18.1 MB  newest 2026-02-05 (236d)
  download\缝制人体模型(Sewing Mannequin)_爱给网_aigei_com      13.4 MB  newest 2025-04-16 (531d)
  download\老哨兵                                      259.1 MB  newest 2025-11-25 (308d)
  download\阮意舒运营考核文件                                  9.5 MB  newest 2025-10-04 (360d)
  download\附件                                        13.9 MB  newest 2026-09-14 (15d)
  download\食物饮料兵营瓶子BWD_爱给网_aigei_com                  5.3 MB  newest 2024-07-27 (795d)
  dsp_ai_pointcloud                                  26.4 MB  newest 2026-05-25 (127d)
  dsp_ai_pointcloud\data                             25.3 MB  newest 2026-05-25 (127d)
  dsp_ai_pointcloud\outputs                           1.0 MB  newest 2026-05-25 (127d)
  dsp_ai_pointcloud\scripts                           0.1 MB  newest 2026-05-25 (127d)
  examples                                        2,520.7 MB  newest 2020-02-20 (2413d)
  examples\5g                                         5.9 MB  newest 2020-02-15 (2419d)
  examples\aero                                       1.1 MB  newest 2020-01-30 (2434d)
  examples\antenna                                  100.3 MB  newest 2020-02-20 (2413d)
  examples\antenna_phased                             5.9 MB  newest 2020-01-30 (2435d)
  examples\audio                                     37.4 MB  newest 2020-02-20 (2413d)
  examples\audio_wavelet                              0.2 MB  newest 2020-01-30 (2435d)
  examples\autoblks                                   0.3 MB  newest 2020-02-17 (2417d)
  examples\autonomous_control                         4.9 MB  newest 2020-02-19 (2414d)
  examples\autosarblockset                            6.4 MB  newest 2020-02-20 (2413d)
  examples\bioinfo                                   59.0 MB  newest 2020-01-30 (2435d)
  examples\bluetooth                                  3.7 MB  newest 2020-01-30 (2434d)
  examples\cassandra                                  0.0 MB  newest 2019-11-19 (2506d)
  examples\coder                                      2.9 MB  newest 2020-01-30 (2435d)
  examples\coder_compiler_dsp                         0.3 MB  newest 2019-11-19 (2506d)
  examples\coder_fixedpoint_simulink                  0.0 MB  newest 2019-11-19 (2506d)
  examples\comm                                       9.1 MB  newest 2020-01-30 (2434d)
  examples\comm_hdlcoder                              0.0 MB  newest 2019-11-19 (2506d)
  examples\comm_msblks                                0.0 MB  newest 2019-11-19 (2506d)
  examples\comm_serdes                                0.0 MB  newest 2019-11-19 (2506d)
  examples\comm_simrf                                 0.9 MB  newest 2020-02-15 (2419d)
  examples\control                                   39.8 MB  newest 2020-02-15 (2419d)
  examples\controls_id                                1.2 MB  newest 2020-01-30 (2434d)
  examples\control_deeplearning                       6.2 MB  newest 2020-01-30 (2435d)
  examples\curvefit                                   0.4 MB  newest 2020-01-30 (2435d)
  examples\daq                                        0.9 MB  newest 2020-01-30 (2434d)
  examples\daq_stateflow                              0.2 MB  newest 2020-01-23 (2441d)
  examples\database                                   3.8 MB  newest 2020-01-30 (2434d)
  examples\datafeed                                   0.1 MB  newest 2020-01-29 (2435d)
  examples\deeplearning_shared                      204.1 MB  newest 2020-02-20 (2413d)
  examples\do_qualkit                                 0.0 MB  newest 2020-01-19 (2446d)
  examples\driving                                   42.9 MB  newest 2020-02-20 (2413d)
  examples\driving_fusion                            10.3 MB  newest 2020-02-20 (2413d)
  examples\driving_fusion_nav                         0.0 MB  newest 2020-01-30 (2435d)
  examples\driving_fusion_vision                    181.3 MB  newest 2020-02-20 (2413d)
  examples\driving_stateflow                          0.1 MB  newest 2020-02-11 (2423d)
  examples\dsp                                       33.6 MB  newest 2020-02-17 (2417d)
  examples\dsp_hdlcoder                               0.8 MB  newest 2020-01-24 (2441d)
  examples\ecoder                                    13.5 MB  newest 2020-02-20 (2414d)
  examples\econ                                       4.0 MB  newest 2020-02-09 (2425d)
  examples\finance                                   17.7 MB  newest 2020-01-30 (2435d)
  examples\fininst                                    3.1 MB  newest 2020-01-30 (2435d)
  examples\fixedpoint                               130.6 MB  newest 2020-02-15 (2418d)
  examples\fusion                                    51.1 MB  newest 2020-02-13 (2421d)
  examples\fuzzy                                      4.2 MB  newest 2020-01-30 (2435d)
  examples\globaloptim                                1.8 MB  newest 2020-01-30 (2435d)
  examples\gpucoder                                   2.1 MB  newest 2020-01-30 (2435d)
  examples\graphics                                   3.9 MB  newest 2020-01-29 (2435d)
  examples\graphics2                                  0.3 MB  newest 2020-01-29 (2435d)
  examples\hdlcoder                                  14.0 MB  newest 2020-02-15 (2419d)
  examples\hdlfilter                                  2.4 MB  newest 2020-01-30 (2435d)
  examples\hdlverifier                               17.0 MB  newest 2020-02-20 (2413d)
  examples\hyperspectral                              0.0 MB  newest 2020-01-19 (2445d)
  examples\ident                                    105.1 MB  newest 2020-02-15 (2419d)
  examples\images                                    63.2 MB  newest 2020-01-30 (2435d)
  examples\imaq                                       0.7 MB  newest 2020-01-30 (2435d)
  examples\instrument                                 0.6 MB  newest 2020-01-30 (2434d)
  examples\lte                                       16.9 MB  newest 2020-02-15 (2419d)
  examples\ltehdl                                     3.3 MB  newest 2020-01-24 (2441d)
  examples\map                                       36.9 MB  newest 2020-01-30 (2435d)
  examples\matlab                                    27.9 MB  newest 2020-02-09 (2425d)
  examples\matlabmobile                               0.9 MB  newest 2020-01-29 (2435d)
  examples\mbc                                        0.0 MB  newest 2020-01-20 (2444d)
  examples\mcb                                        5.2 MB  newest 2020-02-20 (2413d)
  examples\mpc                                        4.2 MB  newest 2020-01-30 (2434d)
  examples\msblks                                    23.7 MB  newest 2020-01-30 (2434d)
  examples\nav                                      190.0 MB  newest 2020-01-30 (2434d)
  examples\nav_robotics                               4.0 MB  newest 2020-01-30 (2435d)
  examples\neo4jbolt                                  0.0 MB  newest 2019-11-19 (2506d)
  examples\nnet                                      29.1 MB  newest 2020-01-30 (2435d)
  examples\opc                                        0.1 MB  newest 2020-01-23 (2441d)
  examples\optim                                      9.3 MB  newest 2020-01-30 (2434d)
  examples\parallel                                   2.3 MB  newest 2020-01-30 (2435d)
  examples\pde                                        3.7 MB  newest 2020-01-30 (2435d)
  examples\phased                                    64.9 MB  newest 2020-02-19 (2415d)
  examples\phased_comm                                0.3 MB  newest 2020-01-30 (2435d)
  examples\plantdeployment                            3.1 MB  newest 2020-02-15 (2419d)
  examples\plccoder                                   0.4 MB  newest 2020-01-30 (2435d)
  examples\polyspace_bf                               0.1 MB  newest 2020-01-30 (2434d)
  examples\polyspace_code_prover                      0.5 MB  newest 2020-01-24 (2441d)
  examples\predmaint                                 44.4 MB  newest 2020-02-15 (2419d)
  examples\predmaint_shared                           8.5 MB  newest 2020-01-30 (2435d)
  examples\rf                                         7.0 MB  newest 2020-01-30 (2434d)
  examples\rf_serdes                                  0.2 MB  newest 2020-01-30 (2435d)
  examples\risk                                       0.9 MB  newest 2020-01-30 (2435d)
  examples\rl                                        19.7 MB  newest 2020-01-30 (2434d)
  examples\robotics                                 164.1 MB  newest 2020-02-15 (2418d)
  examples\robust                                     2.3 MB  newest 2020-01-30 (2434d)
  examples\ros                                       59.2 MB  newest 2020-01-30 (2435d)
  examples\rptgen                                    21.7 MB  newest 2020-01-29 (2435d)
  examples\rptgenext                                  8.8 MB  newest 2020-02-03 (2430d)
  examples\serdes                                     7.9 MB  newest 2020-01-30 (2434d)
  examples\shared_fusion_arduinoio                    1.5 MB  newest 2020-02-15 (2419d)
  examples\shared_positioning                        55.1 MB  newest 2020-01-30 (2435d)
  examples\shared_rotations                           0.2 MB  newest 2020-01-29 (2435d)
  examples\shared_scopes                              0.1 MB  newest 2020-02-15 (2418d)
  examples\shared_tracking_fusion                     0.0 MB  newest 2020-01-30 (2435d)
  examples\signal                                    67.4 MB  newest 2020-02-19 (2414d)
  examples\simbio                                     1.0 MB  newest 2020-01-30 (2434d)
  examples\simevents                                  2.5 MB  newest 2020-01-23 (2441d)
  examples\simrf                                     17.7 MB  newest 2020-02-15 (2419d)
  examples\simscape                                   0.0 MB  newest 2020-02-15 (2418d)
  examples\simscape_shared                            0.5 MB  newest 2020-02-19 (2414d)
  examples\simulink                                  30.3 MB  newest 2020-02-20 (2413d)
  examples\simulinkcoder                              5.0 MB  newest 2020-02-15 (2419d)
  examples\simulinkcompiler                           1.0 MB  newest 2020-02-17 (2416d)
  examples\simulinktest                              11.5 MB  newest 2020-02-19 (2414d)
  examples\simulink_general                           1.5 MB  newest 2020-01-24 (2440d)
  examples\sl3d                                      16.3 MB  newest 2020-01-30 (2434d)
  examples\slcheck                                    4.7 MB  newest 2020-01-30 (2434d)
  examples\slcontrol                                  4.9 MB  newest 2020-01-30 (2434d)
  examples\slcoverage                                 5.0 MB  newest 2020-01-23 (2441d)
  examples\slcoverage_product                         0.0 MB  newest 2020-01-20 (2444d)
  examples\sldo                                       1.5 MB  newest 2020-02-15 (2418d)
  examples\sldrt                                      0.3 MB  newest 2020-01-20 (2444d)
  examples\sldv                                       4.7 MB  newest 2020-02-15 (2419d)
  examples\slrequirements                             6.2 MB  newest 2020-02-19 (2414d)
  examples\sm                                         5.7 MB  newest 2020-01-30 (2435d)
  examples\soc                                        6.7 MB  newest 2020-02-03 (2430d)
  examples\soc_visionhdl                              0.0 MB  newest 2019-11-19 (2506d)
  examples\spc_channel                               35.2 MB  newest 2020-02-20 (2413d)
  examples\sps                                        0.1 MB  newest 2020-02-15 (2419d)
  examples\stateflow                                  9.0 MB  newest 2020-02-15 (2418d)
  examples\stateflow_hdlcoder_simulink                0.2 MB  newest 2020-01-23 (2441d)
  examples\stats                                     38.9 MB  newest 2020-01-30 (2434d)
  examples\symbolic                                  11.8 MB  newest 2020-02-15 (2418d)
  examples\systemcomposer                             1.1 MB  newest 2020-02-15 (2419d)
  examples\textanalytics                              6.9 MB  newest 2020-01-30 (2435d)
  examples\trading                                    0.1 MB  newest 2020-01-30 (2435d)
  examples\vdynblks                                   0.0 MB  newest 2020-01-20 (2444d)
  examples\vdynblks_driving                           0.0 MB  newest 2019-11-19 (2506d)
  examples\velodynelidar                              0.0 MB  newest 2020-01-30 (2435d)
  examples\vision                                    17.9 MB  newest 2020-02-20 (2413d)
  examples\visionhdl                                 66.9 MB  newest 2020-01-30 (2435d)
  examples\visionhdl_hdlcoder                        20.3 MB  newest 2020-01-30 (2435d)
  examples\vnt                                       52.9 MB  newest 2020-02-06 (2427d)
  examples\vnt_driving                                2.5 MB  newest 2020-01-30 (2435d)
  examples\wavelet                                   14.9 MB  newest 2020-02-20 (2413d)
  examples\winner2                                    0.0 MB  newest 2020-01-30 (2435d)
  examples\wlan                                      12.0 MB  newest 2020-01-30 (2435d)
  examples\wlan_antenna                               0.0 MB  newest 2019-11-19 (2506d)
  examples\wlan_phased                                0.3 MB  newest 2020-02-15 (2419d)
  examples\xpc                                        7.2 MB  newest 2020-01-23 (2441d)
  extern                                             33.8 MB  newest 2020-02-20 (2413d)
  extern\bin                                          0.3 MB  newest 2020-01-23 (2441d)
  extern\engines                                      1.9 MB  newest 2020-01-23 (2441d)
  extern\examples                                     0.7 MB  newest 2020-01-23 (2441d)
  extern\include                                      4.4 MB  newest 2020-01-23 (2442d)
  extern\lib                                         26.4 MB  newest 2020-02-20 (2413d)
  extern\version                                      0.0 MB  newest 2020-01-23 (2442d)
  help                                            7,987.7 MB  newest 2025-05-02 (515d)
  help\5g                                            10.8 MB  newest 2020-02-26 (2407d)
  help\aeroblks                                      19.9 MB  newest 2020-02-26 (2407d)
  help\aerotbx                                        8.9 MB  newest 2020-02-26 (2407d)
  help\antenna                                       31.7 MB  newest 2020-02-26 (2407d)
  help\audio                                         30.9 MB  newest 2020-02-26 (2407d)
  help\autoblks                                      22.6 MB  newest 2020-02-26 (2407d)
  help\autosar                                       24.6 MB  newest 2020-02-20 (2413d)
  help\bioinfo                                       34.1 MB  newest 2020-02-11 (2422d)
  help\bugfinder                                     63.4 MB  newest 2020-02-20 (2413d)
  help\bugfinder_desktop                              0.5 MB  newest 2019-12-11 (2484d)
  help\bugfinder_server                               0.5 MB  newest 2019-12-11 (2484d)
  help\certkitiec                                     6.5 MB  newest 2020-02-09 (2425d)
  help\codeprover                                    42.7 MB  newest 2020-02-20 (2413d)
  help\codeprover_desktop                             0.0 MB  newest 2019-11-19 (2506d)
  help\codeprover_server                              0.0 MB  newest 2019-11-19 (2506d)
  help\coder                                         37.5 MB  newest 2020-02-20 (2413d)
  help\comm                                          80.8 MB  newest 2020-02-26 (2407d)
  help\compiler                                      10.4 MB  newest 2020-01-30 (2434d)
  help\compiler_sdk                                  16.0 MB  newest 2020-01-30 (2434d)
  help\control                                       45.8 MB  newest 2020-02-15 (2418d)
  help\curvefit                                      11.1 MB  newest 2020-02-26 (2407d)
  help\daq                                           11.5 MB  newest 2020-01-30 (2434d)
  help\database                                      13.8 MB  newest 2020-01-30 (2434d)
  help\datafeed                                       7.8 MB  newest 2020-01-30 (2435d)
  help\deeplearning                                 167.5 MB  newest 2020-02-20 (2413d)
  help\dotnetbuilder                                  6.5 MB  newest 2020-02-26 (2407d)
  help\driving                                       59.0 MB  newest 2020-02-20 (2413d)
  help\dsp                                          103.4 MB  newest 2020-02-20 (2413d)
  help\ecoder                                       105.8 MB  newest 2020-02-20 (2413d)
  help\econ                                          35.3 MB  newest 2020-02-09 (2425d)
  help\examples                                   2,992.6 MB  newest 2020-02-21 (2413d)
  help\exlink                                         3.0 MB  newest 2020-01-30 (2434d)
  help\finance                                       36.2 MB  newest 2020-02-09 (2425d)
  help\fininst                                       41.4 MB  newest 2020-01-30 (2434d)
  help\fixedpoint                                    67.4 MB  newest 2020-02-20 (2413d)
  help\fusion                                        27.8 MB  newest 2020-02-20 (2413d)
  help\fuzzy                                         10.6 MB  newest 2020-01-30 (2434d)
  help\gads                                          12.0 MB  newest 2020-02-20 (2413d)
  help\gpucoder                                       8.0 MB  newest 2020-02-20 (2413d)
  help\hdlcoder                                      47.0 MB  newest 2020-02-15 (2418d)
  help\hdlfilter                                      7.9 MB  newest 2020-01-30 (2434d)
  help\hdlverifier                                   20.3 MB  newest 2020-02-20 (2413d)
  help\helpsearch-v2                                394.9 MB  newest 2025-05-02 (515d)
  help\helpsearch-v2_zh_CN                          390.1 MB  newest 2025-05-02 (515d)
  help\ident                                         35.0 MB  newest 2020-02-15 (2418d)
  help\images                                       129.8 MB  newest 2020-02-20 (2413d)
  help\imaq                                          14.0 MB  newest 2020-01-30 (2434d)
  help\includes                                       8.0 MB  newest 2020-01-23 (2442d)
  help\install                                        3.1 MB  newest 2020-02-26 (2407d)
  help\instrument                                    18.8 MB  newest 2020-01-30 (2434d)
  help\javabuilder                                    1.5 MB  newest 2020-01-23 (2442d)
  help\lte                                           28.0 MB  newest 2020-02-15 (2418d)
  help\ltehdl                                         0.0 MB  newest 2019-11-19 (2506d)
  help\map                                           80.1 MB  newest 2020-02-15 (2418d)
  help\matlab                                       668.9 MB  newest 2020-02-20 (2413d)
  help\matlab-parallel-server                         3.7 MB  newest 2020-01-30 (2434d)
  help\mbc                                           38.1 MB  newest 2020-01-31 (2434d)
  help\mcb                                           20.0 MB  newest 2020-02-20 (2413d)
  help\mpc                                           18.8 MB  newest 2020-02-19 (2414d)
  help\msblks                                         6.1 MB  newest 2020-02-20 (2413d)
  help\nav                                           18.7 MB  newest 2020-02-19 (2414d)
  help\nnet                                           0.0 MB  newest 2020-01-23 (2442d)
  help\opc                                            9.0 MB  newest 2020-01-30 (2434d)
  help\optim                                         17.7 MB  newest 2020-02-15 (2418d)
  help\parallel-computing                            14.5 MB  newest 2020-02-20 (2413d)
  help\pde                                           15.7 MB  newest 2020-01-30 (2434d)
  help\pdf_doc                                        0.8 MB  newest 2020-01-19 (2446d)
  help\phased                                        66.6 MB  newest 2020-02-20 (2413d)
  help\physmod                                      213.5 MB  newest 2020-02-19 (2414d)
  help\plccoder                                      11.8 MB  newest 2020-01-30 (2434d)
  help\polyspace_bug_finder_access                   41.8 MB  newest 2020-02-20 (2413d)
  help\polyspace_bug_finder_server                   12.9 MB  newest 2020-02-20 (2413d)
  help\polyspace_code_prover_access                  19.4 MB  newest 2020-02-20 (2413d)
  help\polyspace_code_prover_server                  12.4 MB  newest 2020-02-20 (2413d)
  help\polyspace_shared                              12.8 MB  newest 2025-05-02 (515d)
  help\predmaint                                     16.0 MB  newest 2020-02-20 (2413d)
  help\qualkitdo                                      3.7 MB  newest 2020-02-11 (2422d)
  help\reinforcement-learning                         6.6 MB  newest 2020-02-20 (2413d)
  help\relnotes                                       0.1 MB  newest 2020-01-30 (2434d)
  help\rf                                            14.2 MB  newest 2020-02-20 (2413d)
  help\risk                                           7.8 MB  newest 2020-01-30 (2434d)
  help\rl                                             0.0 MB  newest 2019-11-19 (2506d)
  help\robotics                                      15.5 MB  newest 2020-02-19 (2414d)
  help\robust                                        14.8 MB  newest 2020-02-15 (2418d)
  help\ros                                            8.8 MB  newest 2020-01-30 (2434d)
  help\rptgen                                        29.5 MB  newest 2020-02-03 (2430d)
  help\rptgenext                                     14.3 MB  newest 2020-02-03 (2430d)
  help\rtw                                           52.0 MB  newest 2020-02-20 (2413d)
  help\serdes                                         6.9 MB  newest 2020-02-20 (2413d)
  help\signal                                        70.1 MB  newest 2020-02-20 (2413d)
  help\simbio                                        27.3 MB  newest 2020-02-15 (2418d)
  help\simevents                                     21.1 MB  newest 2020-02-20 (2413d)
  help\simrf                                         16.9 MB  newest 2020-02-15 (2418d)
  help\simulink                                     324.3 MB  newest 2020-02-20 (2413d)
  help\simulinkcompiler                               0.0 MB  newest 2019-11-19 (2506d)
  help\sl3d                                          11.2 MB  newest 2020-01-30 (2434d)
  help\slcheck                                       29.4 MB  newest 2020-02-17 (2416d)
  help\slci                                           6.1 MB  newest 2020-01-30 (2434d)
  help\slcompiler                                     0.9 MB  newest 2020-02-20 (2413d)
  help\slcontrol                                     40.3 MB  newest 2020-02-15 (2418d)
  help\slcoverage                                     9.3 MB  newest 2020-02-20 (2413d)
  help\sldo                                          26.2 MB  newest 2020-02-15 (2418d)
  help\sldrt                                          4.4 MB  newest 2020-02-15 (2418d)
  help\sldv                                          17.9 MB  newest 2020-02-15 (2418d)
  help\slrequirements                                10.0 MB  newest 2020-02-20 (2413d)
  help\sltest                                        19.4 MB  newest 2020-02-19 (2414d)
  help\soc                                           11.1 MB  newest 2020-02-03 (2430d)
  help\stateflow                                     46.1 MB  newest 2020-02-17 (2416d)
  help\stats                                        120.2 MB  newest 2020-02-17 (2416d)
  help\symbolic                                      28.6 MB  newest 2020-02-15 (2418d)
  help\systemcomposer                                10.5 MB  newest 2020-02-20 (2413d)
  help\techdoc                                        2.2 MB  newest 2018-09-21 (2931d)
  help\templates                                      0.2 MB  newest 2020-01-23 (2442d)
  help\textanalytics                                  9.7 MB  newest 2020-02-20 (2413d)
  help\toolbox                                       82.5 MB  newest 2020-02-20 (2413d)
  help\trading                                        6.4 MB  newest 2020-01-30 (2434d)
  help\vdynblks                                      29.0 MB  newest 2020-02-17 (2416d)
  help\vision                                        64.4 MB  newest 2020-02-20 (2413d)
  help\visionhdl                                      9.3 MB  newest 2020-02-19 (2414d)
  help\vnt                                           23.0 MB  newest 2020-02-17 (2416d)
  help\wavelet                                       44.4 MB  newest 2020-02-20 (2413d)
  help\wireless-hdl                                   8.6 MB  newest 2020-01-30 (2434d)
  help\wlan                                          15.1 MB  newest 2020-02-15 (2418d)
  help\xpc                                           41.2 MB  newest 2020-02-16 (2418d)
  Hypergryph Launcher                               264.6 MB  newest 2026-09-29 (0d)
  Hypergryph Launcher\1.6.0                         241.5 MB  newest 2026-09-29 (0d)
  Hypergryph Launcher\Cache                           0.0 MB  newest 2026-04-17 (165d)
  Hypergryph Launcher\CrashSightLog                   0.0 MB  newest 2026-09-29 (0d)
  interprocess                                        2.0 MB  newest 2020-01-23 (2441d)
  interprocess\bin                                    2.0 MB  newest 2020-01-23 (2441d)
  java                                              270.2 MB  newest 2020-02-21 (2413d)
  java\config                                         0.0 MB  newest 2020-01-03 (2462d)
  java\jar                                           99.5 MB  newest 2020-02-21 (2413d)
  java\jarext                                       170.7 MB  newest 2020-01-23 (2442d)
  jlc-assistant                                     219.9 MB  newest 2025-04-30 (518d)
  jlc-assistant\locales                              26.3 MB  newest 2023-10-08 (1087d)
  jlc-assistant\res                                   0.0 MB  newest 2023-10-08 (1087d)
  jlc-assistant\resources                            16.1 MB  newest 2023-10-08 (1087d)
  jlc-assistant\update                                4.9 MB  newest 2023-10-07 (1088d)
  lib                                                 0.2 MB  newest 2020-01-24 (2441d)
  lib\win64                                           0.2 MB  newest 2020-01-24 (2441d)
  licenses                                            0.0 MB  newest 2025-05-02 (515d)
  mcr                                               732.1 MB  newest 2020-02-26 (2407d)
  mcr\toolbox                                       732.1 MB  newest 2020-02-26 (2407d)
  MindCloud_Studio                                4,469.3 MB  newest 2026-04-22 (160d)
  MindCloud_Studio\audio                              0.2 MB  newest 2026-04-14 (168d)
  MindCloud_Studio\ba_export                         74.7 MB  newest 2026-04-18 (164d)
  MindCloud_Studio\bearer                             0.1 MB  newest 2026-04-14 (168d)
  MindCloud_Studio\ffmpeg                           164.0 MB  newest 2026-04-14 (168d)
  MindCloud_Studio\iconengines                        0.0 MB  newest 2026-04-14 (168d)
  MindCloud_Studio\imageformats                       1.5 MB  newest 2026-04-14 (168d)
  MindCloud_Studio\locales                            0.0 MB  newest 2026-01-27 (245d)
  MindCloud_Studio\logs                               9.8 MB  newest 2026-04-22 (160d)
  MindCloud_Studio\map_creater                      324.9 MB  newest 2026-04-14 (168d)
  MindCloud_Studio\mediaservice                       0.6 MB  newest 2026-04-14 (168d)
  MindCloud_Studio\platforms                          1.4 MB  newest 2026-04-14 (168d)
  MindCloud_Studio\playlistformats                    0.0 MB  newest 2026-04-14 (168d)
  MindCloud_Studio\plugins                            5.1 MB  newest 2026-04-15 (167d)
  MindCloud_Studio\printsupport                       0.1 MB  newest 2026-04-14 (168d)
  MindCloud_Studio\shaders                            0.0 MB  newest 2024-03-21 (923d)
  MindCloud_Studio\styles                             0.1 MB  newest 2026-04-14 (168d)
  MindCloud_Studio\superglue                      1,080.2 MB  newest 2026-04-14 (168d)
  MindCloud_Studio\translations                      10.3 MB  newest 2026-04-15 (167d)
  MindCloud_Studio\UserGuide                         19.8 MB  newest 2026-04-15 (167d)
  opencv-python                                       1.9 MB  newest 2025-06-08 (478d)
  opencv-python\__pycache__                           0.0 MB  newest 2025-04-28 (520d)
  polyspace                                         132.6 MB  newest 2020-02-26 (2407d)
  polyspace\aot                                       0.2 MB  newest 2020-01-23 (2441d)
  polyspace\bin                                       4.0 MB  newest 2020-01-24 (2441d)
  polyspace\configure                                 1.3 MB  newest 2020-01-23 (2441d)
  polyspace\drs                                       0.5 MB  newest 2015-09-10 (4037d)
  polyspace\examples                                 13.3 MB  newest 2020-02-26 (2407d)
  polyspace\metrics                                   2.9 MB  newest 2020-02-26 (2407d)
  polyspace\plugin                                   98.3 MB  newest 2020-02-19 (2415d)
  polyspace\pve                                       0.9 MB  newest 2020-01-23 (2442d)
  polyspace\remote_launcher                           0.0 MB  newest 2012-06-09 (5226d)
  polyspace\resources                                 0.8 MB  newest 2020-01-08 (2456d)
  polyspace\verifier                                 10.4 MB  newest 2020-01-23 (2442d)
  remote                                              0.0 MB  newest 2019-11-19 (2506d)
  remote\proxy                                        0.0 MB  newest 2019-11-19 (2506d)
  resources                                         101.7 MB  newest 2020-02-20 (2413d)
  resources\Advisor                                   0.0 MB  newest 2020-02-12 (2421d)
  resources\aero                                      0.1 MB  newest 2019-11-19 (2507d)
  resources\aeroblks                                  0.2 MB  newest 2019-11-19 (2507d)
  resources\aeroblksHMI                               0.0 MB  newest 2019-01-11 (2819d)
  resources\aeroblks_demos_hl20                       0.0 MB  newest 2018-05-18 (3056d)
  resources\aeroblks_demos_hybrid                     0.0 MB  newest 2020-01-19 (2446d)
  resources\aeroblks_demos_quad                       0.0 MB  newest 2017-12-05 (3220d)
  resources\aeroblks_flightcontrol                    0.0 MB  newest 2019-11-19 (2507d)
  resources\aeroblks_templates                        0.0 MB  newest 2019-03-06 (2764d)
  resources\aero_appdesigner_plugin_js                0.0 MB  newest 2019-11-19 (2506d)
  resources\antenna                                   0.0 MB  newest 2020-01-23 (2442d)
  resources\appdesigner                               0.2 MB  newest 2020-02-12 (2421d)
  resources\asam_cdfx                                 0.0 MB  newest 2019-06-04 (2675d)
  resources\asam_mcd2mc                               0.0 MB  newest 2019-03-07 (2763d)
  resources\asam_mdf                                  0.0 MB  newest 2019-10-02 (2555d)
  resources\asyncio                                   0.0 MB  newest 2019-10-09 (2548d)
  resources\audio                                     0.1 MB  newest 2019-11-19 (2507d)
  resources\audio_templates                           0.0 MB  newest 2018-10-26 (2896d)
  resources\autoblks                                  0.1 MB  newest 2019-11-19 (2507d)
  resources\autoblks_shared                           0.1 MB  newest 2020-01-19 (2446d)
  resources\autosarstandard                           0.1 MB  newest 2020-01-23 (2442d)
  resources\autosar_templates                         0.0 MB  newest 2019-03-01 (2770d)
  resources\bioinfo                                   0.4 MB  newest 2019-12-11 (2484d)
  resources\blocksetsdk_templates                     0.0 MB  newest 2019-11-19 (2506d)
  resources\bluetooth                                 0.0 MB  newest 2019-11-19 (2507d)
  resources\BuilderNE                                 0.0 MB  newest 2019-11-19 (2506d)
  resources\can                                       0.0 MB  newest 2019-08-28 (2589d)
  resources\cefclient                                 0.0 MB  newest 2019-11-19 (2506d)
  resources\certqualkit                               0.0 MB  newest 2019-11-19 (2507d)
  resources\class_modeling                            0.0 MB  newest 2019-11-19 (2506d)
  resources\clone_detection_app                       0.0 MB  newest 2019-11-19 (2506d)
  resources\codeanalysis                              0.0 MB  newest 2019-11-19 (2506d)
  resources\CodeAnalyzer                              0.3 MB  newest 2019-11-19 (2506d)
  resources\CodeInstrumentation                       0.0 MB  newest 2017-05-18 (3421d)
  resources\Coder                                     1.2 MB  newest 2020-02-12 (2421d)
  resources\coderApp                                  0.0 MB  newest 2020-02-12 (2421d)
  resources\CoderCoverage                             0.0 MB  newest 2019-11-19 (2506d)
  resources\coderdictionary                           0.1 MB  newest 2020-01-03 (2462d)
  resources\CoderFoundation                           0.2 MB  newest 2020-02-12 (2421d)
  resources\CoderProfile                              0.1 MB  newest 2019-11-19 (2506d)
  resources\codertarget                               0.1 MB  newest 2020-01-23 (2442d)
  resources\coderWeb                                  0.1 MB  newest 2019-11-30 (2495d)
  resources\coder_compile                             0.0 MB  newest 2020-02-12 (2421d)
  resources\coder_sltoolstrip_base_hw                 0.0 MB  newest 2019-11-25 (2500d)
  resources\coder_xcp                                 0.0 MB  newest 2019-11-19 (2506d)
  resources\comm                                      0.5 MB  newest 2019-11-19 (2506d)
  resources\comm_demos                                0.0 MB  newest 2020-01-02 (2462d)
  resources\comm_templates                            0.0 MB  newest 2018-05-02 (3073d)
  resources\comparisons                               0.0 MB  newest 2020-01-19 (2446d)
  resources\Compiler                                  0.1 MB  newest 2020-02-12 (2421d)
  resources\CompilerSDK                               0.0 MB  newest 2019-11-19 (2506d)
  resources\compiler_tall                             0.0 MB  newest 2019-11-19 (2506d)
  resources\ComplexityApp                             0.0 MB  newest 2019-11-19 (2507d)
  resources\configset                                 0.1 MB  newest 2019-11-19 (2506d)
  resources\Connectivity                              0.1 MB  newest 2019-11-30 (2495d)
  resources\Control                                   1.4 MB  newest 2020-02-12 (2421d)
  resources\Controllib                                0.5 MB  newest 2020-02-12 (2421d)
  resources\coreui                                    0.6 MB  newest 2020-01-23 (2442d)
  resources\CoSimService                              0.0 MB  newest 2019-11-25 (2500d)
  resources\cpptools                                  0.0 MB  newest 2019-11-19 (2506d)
  resources\ctf                                       0.0 MB  newest 2019-11-19 (2506d)
  resources\ctfbt                                     0.0 MB  newest 2019-11-19 (2506d)
  resources\ctfrt                                     0.0 MB  newest 2019-11-19 (2506d)
  resources\currentfolderbrowser                      0.0 MB  newest 2020-01-19 (2446d)
  resources\curvefit                                  0.3 MB  newest 2020-01-23 (2442d)
  resources\curvefitlib                               0.0 MB  newest 2019-11-19 (2506d)
  resources\cxxfe                                     0.0 MB  newest 2019-11-25 (2500d)
  resources\cxxfe_mi                                  0.0 MB  newest 2019-11-19 (2506d)
  resources\daq                                       0.0 MB  newest 2019-09-16 (2570d)
  resources\daqaiapplet                               0.0 MB  newest 2019-10-19 (2538d)
  resources\daqaoapplet                               0.0 MB  newest 2019-09-13 (2574d)
  resources\daqappletshared                           0.0 MB  newest 2018-03-27 (3109d)
  resources\daqcli                                    0.0 MB  newest 2019-11-30 (2495d)
  resources\daqsdk                                    0.0 MB  newest 2019-09-19 (2567d)
  resources\dastudio                                  0.1 MB  newest 2019-11-30 (2495d)
  resources\database                                  0.1 MB  newest 2019-07-03 (2645d)
  resources\datafeed                                  0.0 MB  newest 2019-09-05 (2582d)
  resources\dataflow                                  0.0 MB  newest 2019-11-19 (2507d)
  resources\deep                                      0.1 MB  newest 2020-02-15 (2419d)
  resources\DESuite                                   0.0 MB  newest 2018-12-14 (2847d)
  resources\deviceplugindetection                     0.0 MB  newest 2018-12-11 (2849d)
  resources\diagnostic_suppressor                     0.0 MB  newest 2016-08-17 (3695d)
  resources\diagram_autolayout                        0.0 MB  newest 2019-11-30 (2495d)
  resources\diagram_badges                            0.0 MB  newest 2019-11-19 (2506d)
  resources\diagram_connector_placement               0.0 MB  newest 2019-11-19 (2506d)
  resources\diagram_editor_registry                   0.0 MB  newest 2019-11-19 (2506d)
  resources\diagram_geometry                          0.0 MB  newest 2019-11-19 (2506d)
  resources\diagram_markup                            0.0 MB  newest 2019-11-19 (2506d)
  resources\diagram_resolver                          0.0 MB  newest 2019-11-19 (2506d)
  resources\diagram_style                             0.0 MB  newest 2019-11-19 (2506d)
  resources\dig                                       0.0 MB  newest 2019-11-30 (2495d)
  resources\dnn_core                                  0.0 MB  newest 2020-02-12 (2421d)
  resources\dnn_instrumentation                       0.0 MB  newest 2019-11-19 (2506d)
  resources\dnn_quantization                          0.0 MB  newest 2020-01-20 (2444d)
  resources\do_qualkit_templates                      0.0 MB  newest 2019-11-19 (2507d)
  resources\driving                                   0.3 MB  newest 2020-02-12 (2421d)
  resources\dsp                                       0.7 MB  newest 2020-01-23 (2442d)
  resources\dspshared                                 0.3 MB  newest 2019-11-19 (2506d)
  resources\dsp_templates                             0.0 MB  newest 2016-01-07 (3919d)
  resources\econ                                      0.2 MB  newest 2019-10-22 (2535d)
  resources\EDALink                                   0.1 MB  newest 2019-11-19 (2507d)
  resources\embeddedcoder_templates                   0.0 MB  newest 2016-08-23 (3690d)
  resources\EMLRT                                     0.0 MB  newest 2019-11-19 (2506d)
  resources\ERRORHANDLER                              0.4 MB  newest 2020-01-19 (2446d)
  resources\exception_messages                        0.0 MB  newest 2019-11-19 (2506d)
  resources\exlink                                    0.0 MB  newest 2010-12-22 (5761d)
  resources\experiments                               0.1 MB  newest 2020-02-12 (2421d)
  resources\filechooser                               0.0 MB  newest 2019-11-19 (2506d)
  resources\FilterDesignLib                           0.2 MB  newest 2020-01-19 (2446d)
  resources\finance                                   0.4 MB  newest 2019-09-30 (2556d)
  resources\findfiles                                 0.0 MB  newest 2020-02-12 (2421d)
  resources\fininst                                   0.2 MB  newest 2019-12-09 (2487d)
  resources\fixed                                     0.2 MB  newest 2020-02-12 (2421d)
  resources\FixedPointCore                            0.0 MB  newest 2019-11-19 (2506d)
  resources\FixedPointTool                            0.3 MB  newest 2020-02-12 (2421d)
  resources\float2fixed                               0.0 MB  newest 2019-11-19 (2506d)
  resources\FMUBlock                                  0.1 MB  newest 2020-02-12 (2421d)
  resources\FMUExport                                 0.0 MB  newest 2020-02-12 (2421d)
  resources\FMUShare                                  0.0 MB  newest 2019-11-19 (2506d)
  resources\fusion                                    0.1 MB  newest 2020-01-23 (2442d)
  resources\fuzzy                                     0.1 MB  newest 2019-12-30 (2465d)
  resources\geodesy                                   0.0 MB  newest 2019-03-13 (2758d)
  resources\glee                                      0.0 MB  newest 2019-11-19 (2506d)
  resources\glee2_mi                                  0.0 MB  newest 2019-08-07 (2611d)
  resources\glee2_qt                                  0.0 MB  newest 2019-11-19 (2506d)
  resources\glee_util                                 0.0 MB  newest 2019-11-19 (2506d)
  resources\globaloptim                               0.1 MB  newest 2020-01-20 (2444d)
  resources\glue2                                     0.0 MB  newest 2019-11-19 (2506d)
  resources\gotofile                                  0.0 MB  newest 2019-11-30 (2495d)
  resources\gpucoder                                  0.1 MB  newest 2020-02-12 (2421d)
  resources\half                                      0.0 MB  newest 2019-07-17 (2632d)
  resources\hdlcoder                                  0.8 MB  newest 2020-02-15 (2419d)
  resources\hdlcommon                                 0.4 MB  newest 2020-02-12 (2421d)
  resources\hdlfilter                                 0.0 MB  newest 2018-12-03 (2857d)
  resources\HDLLink                                   0.1 MB  newest 2020-01-23 (2442d)
  resources\hdlmllib                                  0.0 MB  newest 2020-02-12 (2421d)
  resources\HDLShared                                 0.3 MB  newest 2020-01-23 (2442d)
  resources\hdlsllib                                  0.0 MB  newest 2019-11-19 (2506d)
  resources\hwconnectinstaller                        0.3 MB  newest 2020-01-19 (2446d)
  resources\hwconnection                              0.0 MB  newest 2017-09-04 (3312d)
  resources\hwmanagerapp                              0.0 MB  newest 2019-08-20 (2598d)
  resources\hwservices                                0.0 MB  newest 2019-11-19 (2506d)
  resources\hwsetup                                   0.0 MB  newest 2019-11-19 (2506d)
  resources\IDELINKCONFIG                             0.0 MB  newest 2017-06-14 (3395d)
  resources\Ident                                     0.8 MB  newest 2020-02-12 (2421d)
  resources\imageio                                   0.0 MB  newest 2019-11-19 (2506d)
  resources\images                                    1.5 MB  newest 2020-02-12 (2421d)
  resources\imageslib                                 0.0 MB  newest 2019-11-19 (2506d)
  resources\imaq                                      0.0 MB  newest 2019-06-11 (2668d)
  resources\imaqlib                                   0.0 MB  newest 2011-01-04 (5748d)
  resources\installer                                 2.5 MB  newest 2020-01-19 (2446d)
  resources\install_supportsoftware                   0.0 MB  newest 2019-11-30 (2495d)
  resources\instrument                                0.1 MB  newest 2019-09-13 (2574d)
  resources\instrumentprovider                        0.0 MB  newest 2018-10-25 (2896d)
  resources\ioplayback                                0.0 MB  newest 2019-09-16 (2570d)
  resources\j1939                                     0.0 MB  newest 2015-04-24 (4177d)
  resources\learning                                  0.1 MB  newest 2019-11-19 (2506d)
  resources\lte                                       0.0 MB  newest 2019-06-24 (2654d)
  resources\ltehdl_templates                          0.0 MB  newest 2017-07-08 (3371d)
  resources\m2t_dmr                                   0.0 MB  newest 2019-11-19 (2506d)
  resources\m3i                                       0.0 MB  newest 2019-11-19 (2506d)
  resources\machinelearningapp                        0.5 MB  newest 2020-01-23 (2442d)
  resources\map                                       0.1 MB  newest 2019-10-19 (2538d)
  resources\maputils                                  0.0 MB  newest 2016-04-16 (3819d)
  resources\math_graphics                             0.0 MB  newest 2019-11-19 (2506d)
  resources\MATLAB                                   13.4 MB  newest 2020-02-12 (2421d)
  resources\MATLABConnector                           0.0 MB  newest 2019-09-18 (2568d)
  resources\matlabxl                                  0.0 MB  newest 2019-11-19 (2506d)
  resources\matlab_addons                             0.0 MB  newest 2020-01-23 (2442d)
  resources\matlab_sourcecontrol                      0.0 MB  newest 2019-11-19 (2506d)
  resources\mbc                                       0.3 MB  newest 2019-11-19 (2506d)
  resources\mcb                                       0.0 MB  newest 2020-01-20 (2444d)
  resources\mcos_factory                              0.0 MB  newest 2019-11-19 (2506d)
  resources\mcos_factory_extras                       0.0 MB  newest 2019-11-19 (2506d)
  resources\MCR                                       0.1 MB  newest 2020-02-06 (2427d)
  resources\measure                                   0.0 MB  newest 2019-11-19 (2506d)
  resources\mf0                                       0.0 MB  newest 2019-11-19 (2506d)
  resources\mf0_evo                                   0.0 MB  newest 2019-11-19 (2506d)
  resources\mf0_sync                                  0.0 MB  newest 2019-11-19 (2506d)
  resources\mg                                        0.0 MB  newest 2019-11-19 (2506d)
  resources\mladdon_builtins                          0.0 MB  newest 2019-12-11 (2484d)
  resources\mlapp_builtins                            0.0 MB  newest 2019-11-19 (2506d)
  resources\mldatx                                    0.0 MB  newest 2019-11-19 (2506d)
  resources\mlearnlib                                 0.0 MB  newest 2020-01-19 (2446d)
  resources\mlhadoop                                  0.0 MB  newest 2019-11-19 (2506d)
  resources\mlreportgen                               0.1 MB  newest 2020-02-12 (2421d)
  resources\mlspark                                   0.0 MB  newest 2019-11-19 (2506d)
  resources\modbusapplet                              0.0 MB  newest 2019-08-20 (2597d)
  resources\ModelAdvisor                              1.5 MB  newest 2020-02-12 (2421d)
  resources\modelexplorer                             0.1 MB  newest 2020-01-19 (2446d)
  resources\MPC                                       0.4 MB  newest 2019-11-30 (2495d)
  resources\MPS                                       0.0 MB  newest 2020-01-13 (2451d)
  resources\msblks                                    0.0 MB  newest 2019-11-19 (2507d)
  resources\multimedia                                0.0 MB  newest 2019-11-19 (2506d)
  resources\multisim                                  0.0 MB  newest 2019-11-19 (2506d)
  resources\nav                                       0.1 MB  newest 2020-02-12 (2421d)
  resources\network                                   0.0 MB  newest 2019-09-17 (2570d)
  resources\nidaq                                     0.0 MB  newest 2019-07-30 (2619d)
  resources\nnet                                      0.0 MB  newest 2018-05-10 (3065d)
  resources\nnet_cnn                                  0.6 MB  newest 2020-02-12 (2421d)
  resources\nnet_deepapp                              0.1 MB  newest 2020-02-12 (2421d)
  resources\nnet_deepviz                              0.0 MB  newest 2020-01-23 (2442d)
  resources\nr5g                                      0.1 MB  newest 2020-01-23 (2442d)
  resources\opc                                       0.1 MB  newest 2020-01-20 (2444d)
  resources\optim                                     0.3 MB  newest 2020-02-12 (2421d)
  resources\optimdemos                                0.0 MB  newest 2019-11-19 (2506d)
  resources\optimlib                                  0.2 MB  newest 2020-01-03 (2462d)
  resources\optim_codegen                             0.0 MB  newest 2020-02-12 (2421d)
  resources\optim_problemdef                          0.1 MB  newest 2019-11-19 (2506d)
  resources\parallel                                  1.4 MB  newest 2020-02-12 (2421d)
  resources\pde                                       0.1 MB  newest 2020-01-20 (2444d)
  resources\pdelib                                    0.0 MB  newest 2018-03-16 (3120d)
  resources\performance                               0.0 MB  newest 2019-11-19 (2506d)
  resources\performance_tracer                        0.0 MB  newest 2016-04-15 (3820d)
  resources\phased                                    0.1 MB  newest 2020-01-19 (2446d)
  resources\physmod                                   5.6 MB  newest 2020-02-12 (2421d)
  resources\PIL                                       0.2 MB  newest 2020-02-12 (2421d)
  resources\pir_core                                  0.0 MB  newest 2019-11-19 (2506d)
  resources\platform                                  0.0 MB  newest 2020-01-19 (2446d)
  resources\plccoder                                  0.0 MB  newest 2020-01-23 (2442d)
  resources\polyspace                                 1.0 MB  newest 2020-02-12 (2421d)
  resources\polyspace_autosar                         0.2 MB  newest 2020-02-12 (2421d)
  resources\predmaint                                 0.1 MB  newest 2020-01-20 (2444d)
  resources\pysdk                                     0.0 MB  newest 2019-04-29 (2710d)
  resources\realtime                                  0.0 MB  newest 2020-01-19 (2446d)
  resources\record_playback                           0.0 MB  newest 2019-11-19 (2507d)
  resources\rf                                        0.1 MB  newest 2020-01-23 (2442d)
  resources\rfblks                                    0.0 MB  newest 2016-08-01 (3711d)
  resources\rflib                                     0.0 MB  newest 2019-08-20 (2598d)
  resources\risk                                      0.0 MB  newest 2019-09-30 (2556d)
  resources\rl                                        0.0 MB  newest 2020-02-12 (2421d)
  resources\roadnetwork                               0.0 MB  newest 2019-11-19 (2506d)
  resources\robotics                                  0.1 MB  newest 2020-02-12 (2421d)
  resources\Robust                                    0.1 MB  newest 2020-01-03 (2462d)
  resources\ros                                       0.2 MB  newest 2020-01-23 (2442d)
  resources\rptgen                                    0.4 MB  newest 2020-01-19 (2446d)
  resources\RptgenSL                                  0.3 MB  newest 2019-11-19 (2506d)
  resources\RTW                                       1.5 MB  newest 2020-02-12 (2421d)
  resources\rtwdemos                                  0.0 MB  newest 2019-11-19 (2506d)
  resources\sb2sl_blks                                0.0 MB  newest 2019-11-19 (2506d)
  resources\scl                                       0.0 MB  newest 2018-07-26 (2987d)
  resources\SDI                                       0.7 MB  newest 2020-02-12 (2421d)
  resources\sdi_hmi_foundation                        0.0 MB  newest 2019-11-19 (2506d)
  resources\sdru                                      0.0 MB  newest 2018-05-02 (3073d)
  resources\serdes                                    0.0 MB  newest 2020-01-19 (2446d)
  resources\seriallib                                 0.0 MB  newest 2019-11-19 (2506d)
  resources\serialport                                0.0 MB  newest 2019-11-19 (2506d)
  resources\shared_aeroblks                           0.0 MB  newest 2018-04-28 (3077d)
  resources\shared_appdes                             0.0 MB  newest 2019-11-19 (2506d)
  resources\shared_autonomous                         0.0 MB  newest 2019-11-19 (2506d)
  resources\shared_basemaps                           0.0 MB  newest 2019-02-07 (2792d)
  resources\shared_channel                            0.0 MB  newest 2020-01-23 (2442d)
  resources\shared_commhdl                            0.0 MB  newest 2020-01-19 (2446d)
  resources\shared_comm_msblks_serdes                 0.0 MB  newest 2019-01-19 (2811d)
  resources\shared_dspwebscopes                       0.0 MB  newest 2019-09-27 (2559d)
  resources\shared_globe                              0.0 MB  newest 2019-12-17 (2479d)
  resources\shared_lidarsim                           0.0 MB  newest 2019-11-19 (2507d)
  resources\shared_multibody                          0.0 MB  newest 2019-11-19 (2506d)
  resources\shared_opcount                            0.0 MB  newest 2019-12-23 (2472d)
  resources\shared_phasedfusion                       0.0 MB  newest 2018-05-23 (3051d)
  resources\shared_positioning                        0.0 MB  newest 2020-02-12 (2421d)
  resources\shared_radarfusion                        0.0 MB  newest 2020-01-23 (2442d)
  resources\shared_raytracer                          0.0 MB  newest 2019-08-28 (2590d)
  resources\shared_rfblks_ideal                       0.0 MB  newest 2019-11-19 (2507d)
  resources\shared_robotics                           0.0 MB  newest 2020-02-12 (2421d)
  resources\shared_rotations                          0.0 MB  newest 2019-11-19 (2506d)
  resources\shared_signalwavelet                      0.2 MB  newest 2020-02-12 (2421d)
  resources\shared_sim3dblks                          0.0 MB  newest 2020-01-19 (2446d)
  resources\shared_simulinktest_matlabunit            0.0 MB  newest 2019-10-02 (2554d)
  resources\shared_supportsoftware                    0.0 MB  newest 2019-11-19 (2506d)
  resources\shared_terrain                            0.0 MB  newest 2019-03-29 (2742d)
  resources\shared_tracking                           0.1 MB  newest 2019-11-30 (2495d)
  resources\sid                                       0.0 MB  newest 2017-03-14 (3487d)
  resources\Sigbldr                                   0.0 MB  newest 2019-11-19 (2506d)
  resources\sigbldr_api                               0.0 MB  newest 2019-11-19 (2506d)
  resources\sigbldr_blk                               0.0 MB  newest 2019-11-19 (2506d)
  resources\sigbldr_ui                                0.0 MB  newest 2019-11-30 (2495d)
  resources\siglib                                    0.1 MB  newest 2019-11-19 (2506d)
  resources\signal                                    2.7 MB  newest 2020-02-12 (2421d)
  resources\SignalBlockset                            0.0 MB  newest 2019-11-19 (2506d)
  resources\SimBiology                                0.2 MB  newest 2020-01-20 (2444d)
  resources\simdemos                                  0.0 MB  newest 2019-11-19 (2506d)
  resources\SimEvents                                 0.1 MB  newest 2019-11-19 (2506d)
  resources\SimEventsTemplates                        0.0 MB  newest 2016-11-03 (3618d)
  resources\simrf                                     0.0 MB  newest 2019-05-08 (2701d)
  resources\SimulationData                            0.0 MB  newest 2019-11-30 (2495d)
  resources\simulation_data_repository                0.0 MB  newest 2019-11-19 (2506d)
  resources\Simulink                                  8.7 MB  newest 2020-02-15 (2419d)
  resources\SimulinkBlock                             0.0 MB  newest 2019-11-30 (2495d)
  resources\SimulinkBlocks                            0.2 MB  newest 2020-02-12 (2421d)
  resources\SimulinkCoderApp                          0.2 MB  newest 2020-02-12 (2421d)
  resources\simulinkcompiler                          0.0 MB  newest 2020-02-12 (2421d)
  resources\SimulinkDependencyAnalysis                0.1 MB  newest 2020-02-12 (2421d)
  resources\SimulinkDiscreteEvent                     0.2 MB  newest 2020-01-23 (2442d)
  resources\SimulinkEventBlocks                       0.0 MB  newest 2020-02-12 (2421d)
  resources\SimulinkEventEngine                       0.1 MB  newest 2019-07-09 (2639d)
  resources\SimulinkEventLogging                      0.0 MB  newest 2019-11-19 (2506d)
  resources\SimulinkExecution                         0.1 MB  newest 2020-02-12 (2421d)
  resources\SimulinkExecutionBlocks                   0.0 MB  newest 2019-11-19 (2506d)
  resources\SimulinkFixedPoint                        0.3 MB  newest 2020-02-12 (2421d)
  resources\SimulinkHMI                               0.1 MB  newest 2020-02-12 (2421d)
  resources\SimulinkPartitioning                      0.1 MB  newest 2020-02-12 (2421d)
  resources\SimulinkPerformanceAdvisor                0.1 MB  newest 2019-11-19 (2506d)
  resources\SimulinkProject                           0.0 MB  newest 2019-11-19 (2506d)
  resources\SimulinkRealTime                          0.1 MB  newest 2019-11-30 (2495d)
  resources\SimulinkSolver                            0.0 MB  newest 2019-11-19 (2506d)
  resources\SimulinkStandalone                        0.0 MB  newest 2020-02-12 (2421d)
  resources\simulinktest                              0.0 MB  newest 2020-02-12 (2421d)
  resources\SimulinkTypes                             0.0 MB  newest 2020-02-12 (2421d)
  resources\SimulinkTypesMI                           0.0 MB  newest 2019-11-19 (2506d)
  resources\SimulinkUpgradeAdvisor                    0.0 MB  newest 2019-11-19 (2506d)
  resources\SimulinkUpgradeEngine                     0.0 MB  newest 2019-11-19 (2506d)
  resources\SimulinkXMLComparison                     0.0 MB  newest 2019-11-19 (2506d)
  resources\simulink_core_templates                   0.0 MB  newest 2019-11-19 (2506d)
  resources\simulink_lang_bridge                      0.0 MB  newest 2019-11-19 (2506d)
  resources\simulink_product_templates                0.0 MB  newest 2019-11-19 (2506d)
  resources\simulink_ui                               0.2 MB  newest 2020-02-12 (2421d)
  resources\sl3d                                      0.0 MB  newest 2019-12-27 (2469d)
  resources\slcheck                                   0.1 MB  newest 2020-01-03 (2462d)
  resources\Slci                                      0.3 MB  newest 2020-01-19 (2446d)
  resources\Slcontrol                                 0.7 MB  newest 2020-02-12 (2421d)
  resources\SLControllib                              0.1 MB  newest 2020-02-12 (2421d)
  resources\SLDD                                      0.1 MB  newest 2020-02-12 (2421d)
  resources\sldo                                      0.3 MB  newest 2020-02-12 (2421d)
  resources\sldrt                                     0.0 MB  newest 2019-08-23 (2594d)
  resources\Sldv                                      0.7 MB  newest 2020-02-12 (2421d)
  resources\sldv_sfcn                                 0.0 MB  newest 2019-11-30 (2495d)
  resources\sledittimecheck                           0.1 MB  newest 2020-02-12 (2421d)
  resources\slhdltemplates                            0.0 MB  newest 2019-11-19 (2506d)
  resources\slid                                      0.0 MB  newest 2019-11-19 (2506d)
  resources\Sloptim                                   0.1 MB  newest 2020-01-23 (2442d)
  resources\slproject_templates                       0.0 MB  newest 2019-11-19 (2506d)
  resources\slrealtime                                0.0 MB  newest 2019-08-29 (2588d)
  resources\slreportgen                               0.0 MB  newest 2019-11-25 (2500d)
  resources\slreportgen_webview                       0.0 MB  newest 2020-02-12 (2421d)
  resources\Slsim                                     0.0 MB  newest 2018-04-12 (3092d)
  resources\sltemplate                                0.1 MB  newest 2019-11-30 (2495d)
  resources\sltest                                    0.1 MB  newest 2019-11-30 (2495d)
  resources\Slvnv                                     0.9 MB  newest 2020-02-15 (2419d)
  resources\sl_background                             0.0 MB  newest 2019-09-24 (2563d)
  resources\sl_background_cg                          0.0 MB  newest 2019-04-03 (2737d)
  resources\sl_block_graphics                         0.0 MB  newest 2019-11-19 (2506d)
  resources\sl_diagnostic                             0.0 MB  newest 2019-11-19 (2506d)
  resources\sl_feature                                0.0 MB  newest 2019-11-19 (2506d)
  resources\sl_glue                                   0.0 MB  newest 2019-11-30 (2495d)
  resources\sl_inputmap                               0.0 MB  newest 2019-11-19 (2506d)
  resources\sl_iofile                                 0.0 MB  newest 2019-11-19 (2506d)
  resources\sl_iospecification                        0.0 MB  newest 2019-11-19 (2506d)
  resources\sl_lib_browse2                            0.0 MB  newest 2019-11-19 (2506d)
  resources\sl_lutwidget                              0.0 MB  newest 2019-11-30 (2495d)
  resources\sl_mvm_process                            0.0 MB  newest 2019-08-09 (2609d)
  resources\sl_pir_cpp                                0.1 MB  newest 2019-11-30 (2495d)
  resources\SL_SERVICES                               0.1 MB  newest 2019-11-30 (2495d)
  resources\sl_services_mi                            0.0 MB  newest 2019-11-19 (2506d)
  resources\sl_sta                                    0.1 MB  newest 2019-11-19 (2506d)
  resources\sl_sta_ds                                 0.0 MB  newest 2019-11-19 (2506d)
  resources\sl_sta_editor_block                       0.0 MB  newest 2019-11-30 (2495d)
  resources\sl_sta_general                            0.0 MB  newest 2019-11-19 (2506d)
  resources\sl_sta_repository                         0.0 MB  newest 2019-11-19 (2506d)
  resources\sl_sta_webscope                           0.0 MB  newest 2019-11-19 (2506d)
  resources\sl_utility                                0.0 MB  newest 2019-11-19 (2506d)
  resources\sl_web_widgets                            0.1 MB  newest 2020-02-12 (2421d)
  resources\sl_xls                                    0.0 MB  newest 2019-11-19 (2506d)
  resources\soc                                       0.2 MB  newest 2020-01-23 (2442d)
  resources\soc_templates                             0.0 MB  newest 2018-12-14 (2847d)
  resources\Spcuilib                                  0.4 MB  newest 2020-02-12 (2421d)
  resources\SPE                                       0.0 MB  newest 2019-11-19 (2506d)
  resources\spfres                                   21.8 MB  newest 2020-02-20 (2413d)
  resources\SPLINES                                   0.3 MB  newest 2019-11-30 (2495d)
  resources\sqldb                                     0.0 MB  newest 2018-04-28 (3077d)
  resources\sql_mcos_api                              0.0 MB  newest 2017-04-14 (3456d)
  resources\Stateflow                                 1.0 MB  newest 2020-02-15 (2419d)
  resources\stateflow_templates                       0.0 MB  newest 2019-11-19 (2506d)
  resources\stateflow_ui                              0.1 MB  newest 2020-01-03 (2462d)
  resources\stats                                     4.4 MB  newest 2020-02-12 (2421d)
  resources\stm                                       0.5 MB  newest 2020-02-12 (2421d)
  resources\supportpkgservices                        0.0 MB  newest 2019-11-19 (2506d)
  resources\supportsoftwareclient                     0.6 MB  newest 2016-05-19 (3785d)
  resources\symbolic                                  0.6 MB  newest 2020-01-23 (2442d)
  resources\SystemArchitecture                        0.1 MB  newest 2020-01-23 (2442d)
  resources\SystemBlock                               0.1 MB  newest 2020-02-12 (2421d)
  resources\systemcomposer_templates                  0.0 MB  newest 2019-04-04 (2735d)
  resources\TargetCommon                              0.0 MB  newest 2019-11-19 (2506d)
  resources\TARGETFOUNDATION                          0.0 MB  newest 2019-11-19 (2506d)
  resources\targetframework                           0.0 MB  newest 2019-11-30 (2495d)
  resources\targetrepository                          0.0 MB  newest 2019-11-19 (2506d)
  resources\TARGETSHARED                              0.0 MB  newest 2019-11-19 (2506d)
  resources\TargetSupportPackage                      0.0 MB  newest 2019-11-19 (2506d)
  resources\testmeaslib                               0.0 MB  newest 2019-04-03 (2737d)
  resources\textanalytics                             0.0 MB  newest 2020-01-20 (2444d)
  resources\TICCSEXT                                  0.0 MB  newest 2018-12-06 (2854d)
  resources\TLMGenerator                              0.0 MB  newest 2019-07-10 (2639d)
  resources\toolboxmanagement_matlab_api              0.0 MB  newest 2019-11-19 (2506d)
  resources\ToolstripCoderApp                         0.0 MB  newest 2019-11-19 (2506d)
  resources\trading                                   0.0 MB  newest 2019-01-24 (2806d)
  resources\transportclients                          0.0 MB  newest 2019-03-02 (2769d)
  resources\transportlib                              0.0 MB  newest 2019-04-15 (2724d)
  resources\uicomponents                              0.1 MB  newest 2019-11-19 (2506d)
  resources\uitools                                   0.0 MB  newest 2019-11-19 (2506d)
  resources\ui_frameworkblks                          0.0 MB  newest 2019-11-19 (2506d)
  resources\vdynblks                                  0.1 MB  newest 2019-12-06 (2490d)
  resources\vision                                    1.0 MB  newest 2020-02-12 (2421d)
  resources\visionhdl                                 0.0 MB  newest 2019-11-19 (2507d)
  resources\visionhdl_templates                       0.0 MB  newest 2015-10-01 (4016d)
  resources\vnt                                       0.0 MB  newest 2019-04-30 (2709d)
  resources\vor                                       0.0 MB  newest 2019-11-25 (2500d)
  resources\vvir                                      0.0 MB  newest 2019-11-19 (2507d)
  resources\Wavelet                                   0.6 MB  newest 2020-02-12 (2421d)
  resources\webapppackage                             0.0 MB  newest 2019-11-19 (2506d)
  resources\webapps_setup_cli                         0.0 MB  newest 2020-01-19 (2446d)
  resources\webapps_setup_common                      0.0 MB  newest 2020-01-19 (2446d)
  resources\webscopes                                 0.0 MB  newest 2019-11-19 (2506d)
  resources\wlan                                      0.1 MB  newest 2019-11-19 (2507d)
  resources\xcp                                       0.0 MB  newest 2019-11-19 (2507d)
  resources\XMLComparison                             0.0 MB  newest 2019-11-19 (2506d)
  resources\xPCTarget                                 0.1 MB  newest 2020-01-19 (2446d)
  RM_CLASS                                           76.5 MB  newest 2025-06-22 (464d)
  RM_CLASS\.git                                      27.6 MB  newest 2025-06-22 (464d)
  RM_CLASS\.vscode                                    0.0 MB  newest 2025-06-22 (464d)
  RM_CLASS\CLASS                                     48.8 MB  newest 2025-06-22 (464d)
  rtw                                                10.4 MB  newest 2020-02-15 (2419d)
  rtw\c                                              10.4 MB  newest 2020-02-15 (2419d)
  RubiksCube-TwophaseSolver                         198.8 MB  newest 2025-05-30 (487d)
  RubiksCube-TwophaseSolver\.git                     87.4 MB  newest 2025-04-28 (519d)
  RubiksCube-TwophaseSolver\.idea                     0.0 MB  newest 2025-04-16 (531d)
  RubiksCube-TwophaseSolver\.venv                    40.9 MB  newest 2025-05-30 (487d)
  RubiksCube-TwophaseSolver\package_src               0.1 MB  newest 2025-04-16 (531d)
  RubiksCube-TwophaseSolver\twophase                 69.9 MB  newest 2025-04-16 (531d)
  RubiksCube-TwophaseSolver\__pycache__               0.2 MB  newest 2025-05-30 (487d)
  runtime                                             4.9 MB  newest 2020-01-24 (2441d)
  runtime\win64                                       4.9 MB  newest 2020-01-24 (2441d)
  sai2安装包及笔刷                                      1,269.6 MB  newest 2025-05-02 (515d)
  sai2安装包及笔刷\2023.7月最新版SAI2.0持续更新                   193.7 MB  newest 2025-05-02 (515d)
  sai2安装包及笔刷\2023最新版sai2                            588.3 MB  newest 2025-05-02 (515d)
  sai2安装包及笔刷\【2024 8月最新版SAI2.0】                     198.6 MB  newest 2025-05-02 (515d)
  sai2安装包及笔刷\最新2022.5.27版SAI2+6000+笔刷+色卡+纹理         264.0 MB  newest 2025-05-02 (515d)
  script                                              0.0 MB  newest 2020-02-26 (2407d)
  secret                                         24,065.4 MB  newest 2025-05-20 (497d)
  secret\GeoGebra 5.0                               196.2 MB  newest 2023-04-10 (1268d)
  secret\picture                                  8,001.1 MB  newest 2023-01-03 (1365d)
  secret\书签                                           6.1 MB  newest 2021-10-19 (1807d)
  secret\地理                                           3.9 MB  newest 2022-06-28 (1554d)
  secret\大白饧了                                     8,398.5 MB  newest 2021-11-23 (1772d)
  secret\打印                                          32.0 MB  newest 2021-12-17 (1748d)
  secret\新建文件夹                                      437.6 MB  newest 2023-04-10 (1269d)
  secret\班会课                                        195.2 MB  newest 2021-12-03 (1761d)
  secret\视频                                         303.8 MB  newest 2022-12-16 (1383d)
  secret\辩论会                                      6,471.0 MB  newest 2022-05-15 (1598d)
  settings                                            0.0 MB  newest 2017-03-17 (3483d)
  settings\src                                        0.0 MB  newest 2017-03-17 (3483d)
  simulink                                            1.5 MB  newest 2020-01-23 (2442d)
  simulink\include                                    1.3 MB  newest 2020-01-23 (2442d)
  simulink\src                                        0.2 MB  newest 2018-10-30 (2892d)
  sys                                               862.6 MB  newest 2025-05-18 (499d)
  sys\cuda                                          119.9 MB  newest 2019-11-19 (2506d)
  sys\fonts                                           1.1 MB  newest 2019-05-24 (2685d)
  sys\g11n                                            0.0 MB  newest 2015-02-27 (4233d)
  sys\jade                                            7.1 MB  newest 2019-11-19 (2506d)
  sys\java                                          187.1 MB  newest 2019-04-16 (2724d)
  sys\jaws                                            0.0 MB  newest 2007-01-15 (7197d)
  sys\jxbrowser-chromium                            112.5 MB  newest 2025-05-18 (499d)
  sys\lcc                                             1.7 MB  newest 2011-05-14 (5617d)
  sys\lcc64                                          28.2 MB  newest 2017-12-04 (3221d)
  sys\namespace                                       7.2 MB  newest 2019-11-19 (2506d)
  sys\opengl                                          6.5 MB  newest 2019-11-19 (2506d)
  sys\perl                                           58.1 MB  newest 2019-11-21 (2505d)
  sys\ros2                                          130.5 MB  newest 2019-12-21 (2475d)
  sys\share                                         184.0 MB  newest 2019-11-19 (2506d)
  sys\tcc                                             0.9 MB  newest 2019-11-19 (2506d)
  sys\tex                                             5.4 MB  newest 2019-05-24 (2685d)
  sys\tomcat                                         12.4 MB  newest 2019-05-24 (2685d)
  ui                                                103.9 MB  newest 2020-02-26 (2407d)
  ui\equationrenderer                                 1.3 MB  newest 2020-02-12 (2421d)
  ui\help                                             5.3 MB  newest 2020-01-23 (2442d)
  ui\install                                         42.0 MB  newest 2020-02-20 (2413d)
  ui\lightweightbrowser                               4.4 MB  newest 2020-01-23 (2442d)
  ui\mapbox-gl-js                                     0.7 MB  newest 2020-02-26 (2407d)
  ui\mw-webwindow                                     0.0 MB  newest 2019-10-01 (2556d)
  ui\online_license_management                        5.0 MB  newest 2020-02-12 (2421d)
  ui\webgui                                          45.3 MB  newest 2020-02-20 (2413d)
  uninstall                                          97.9 MB  newest 2025-05-02 (515d)
  uninstall\bin                                      70.5 MB  newest 2020-02-26 (2407d)
  uninstall\java                                     27.4 MB  newest 2020-02-20 (2413d)
  [Saier]SAI Ver.2                                    9.8 MB  newest 2025-05-02 (515d)
  [Saier]SAI Ver.2\init                               2.2 MB  newest 2020-01-22 (2442d)
  小剪                                                174.7 MB  newest 2026-07-12 (79d)
  小剪\Datas                                          174.7 MB  newest 2026-07-12 (79d)

=== STALE DIRS (newest file >= 180 days ago), by size ===

Root Path                                                MB  Files Newest     AgeDays
---- ----                                                --  ----- ------     -------
E:\  secret                                         24065.4   5521 2025-05-20     497
D:\  BaiduNetdiskDownload\Program Files (x86)\Steam  9414.9  32175 2024-10-13     716
D:\  BaiduNetdiskDownload\Program Files (x86)        9414.9  32175 2024-10-13     716
D:\  BaiduNetdiskDownload                            9414.9  32175 2024-10-13     716
E:\  secret\大白饧了                                     8398.5   1339 2021-11-23    1772
E:\  secret\picture                                  8001.1   3757 2023-01-03    1365
E:\  help                                            7987.7 180415 2025-05-02     515
D:\  texlive2025\texlive\2025                        7754.6 221442 2025-12-30     273
E:\  secret\辩论会                                        6471      4 2022-05-15    1598
E:\  download\texlive2025                            6118.7  16837 2025-03-08     570
D:\  anaconda                                        5713.5 143670 2025-04-08     539
E:\  download\texlive2025\archive                    5664.1  14527 2025-03-08     570
E:\  secret\picture\亲爱的妍                             5635.6   2183 2023-01-03    1365
E:\  bin                                             5298.4   3878 2025-05-18     499
E:\  bin\win64                                       5295.9   3803 2020-03-25    2379
E:\  secret\大白饧了\三国演义·易中天                            3455.5    600 2019-08-24    2593
D:\  anaconda\pkgs                                   3066.9  73138 2024-10-20     709
E:\  help\examples                                   2992.6  45382 2020-02-21    2413
E:\  examples                                        2520.7  36244 2020-02-20    2413
D:\  anaconda\Library                                1466.6  11823 2024-10-20     709
E:\  secret\picture\相册的视频                            1339.5     41 2022-03-10    1664
E:\  sai2安装包及笔刷                                      1269.6     17 2025-05-02     515
D:\  anaconda\Library\bin                            1234.4    451 2024-10-20     709
E:\  secret\大白饧了\模拟检测卷PPT                            1100.5    209 2021-01-11    2087
D:\  anaconda\Lib                                    1077.2  54212 2025-04-08     539
E:\  secret\大白饧了\我的视频                                1051.7     25 2021-11-23    1772
D:\  anaconda\Lib\site-packages                      1041.6  52259 2025-04-08     539
E:\  secret\picture\相册                                 1026   1533 2022-03-10    1664
C:\  Users\FDCX\.ai-navigator                         977.9    256 2025-04-08     539
E:\  sys                                              862.6  18246 2025-05-18     499
E:\  download\matlabR2025a                            737.7    923 2025-06-16     470
E:\  mcr\toolbox                                      732.1 100133 2020-02-26    2407
E:\  mcr                                              732.1 100133 2020-02-26    2407
E:\  secret\大白饧了\游戏文件                                 715.9      4 2020-06-26    2286
E:\  help\matlab                                      668.9  19685 2020-02-20    2413
D:\  anaconda\pkgs\mkl-2021.4.0-haa95532_640          634.8     53 2021-11-11    1784
E:\  secret\大白饧了\交流会                                  622.9     64 2021-06-14    1933
E:\  sai2安装包及笔刷\2023最新版sai2                           588.3      6 2025-05-02     515
E:\  download\matlabR2025a\matlabR2025a               546.8    922 2025-06-14     472
E:\  help\examples\images                             531.5   1766 2020-01-30    2434
D:\  texlive2025\texlive\Texstudio                    517.9    957 2026-01-01     271
E:\  secret\大白饧了\中考复习                                 493.7    351 2021-02-16    2051
E:\  secret\新建文件夹                                     437.6     18 2023-04-10    1269
C:\  Users\FDCX\PycharmProjects                       434.1  21330 2025-06-14     472
C:\  opencv-python                                    420.9   4904 2025-10-12     352
D:\  电脑管家迁移文件\wechat                                  401.2     46 2025-07-23     433
D:\  电脑管家迁移文件\wechat\[3.9.12.55]                      398.3     42 2025-07-23     433
E:\  help\helpsearch-v2                               394.9     12 2025-05-02     515
E:\  help\helpsearch-v2_zh_CN                         390.1     12 2025-05-02     515
E:\  help\matlab\ref                                  389.3  11605 2020-02-20    2413




=== TOP 30 LARGEST top-level-ish dirs (any age) ===

Root Path                                                                         MB  Files Newest     AgeDays
---- ----                                                                         --  ----- ------     -------
C:\  Users                                                                  102207.2 507022 2026-09-29       0
C:\  Users\FDCX                                                              90272.8 486493 2026-09-29       0
E:\  download                                                                50235.2 164821 2026-09-29       0
D:\  WeGameApps                                                              36689.5   2816 2026-09-28       1
D:\  WeGameApps\rail_apps\无畏契约(2001715)                                      36566.9   2654 2026-09-28       1
D:\  WeGameApps\rail_apps                                                    36566.9   2654 2026-09-28       1
D:\  电脑管家迁移文件                                                                25082.5  91376 2026-09-29       0
E:\  secret                                                                  24065.4   5521 2025-05-20     497
E:\  BaiduNetdiskDownload                                                    19672.7   3603 2026-06-25      97
E:\  BaiduNetdiskDownload\爱笑的生鱼片分享（需要哪文件先保存到自己网盘再下载，防止链接丢失）                  16028.8    386 2026-04-16     167
D:\  电脑管家迁移文件\QQ聊天记录搬家\Tencent Files                                           14368  70526 2026-09-29       0
D:\  电脑管家迁移文件\QQ聊天记录搬家                                                         14368  70526 2026-09-29       0
E:\  BaiduNetdiskDownload\爱笑的生鱼片分享（需要哪文件先保存到自己网盘再下载，防止链接丢失）\文明6DLC（25.7.18）   9838.5      1 2026-04-16     167
D:\  BaiduNetdiskDownload                                                     9414.9  32175 2024-10-13     716
D:\  BaiduNetdiskDownload\Program Files (x86)\Steam                           9414.9  32175 2024-10-13     716
D:\  BaiduNetdiskDownload\Program Files (x86)                                 9414.9  32175 2024-10-13     716
D:\  电脑管家迁移文件\微信聊天记录搬家                                                        9294.2  19016 2026-09-24       5
D:\  电脑管家迁移文件\微信聊天记录搬家\WeChat Files                                           9294.2  19016 2026-09-24       5
E:\  secret\大白饧了                                                              8398.5   1339 2021-11-23    1772
D:\  texlive2025\texlive                                                      8372.9 222597 2026-08-09      51
D:\  texlive2025                                                              8372.9 222597 2026-08-09      51
E:\  secret\picture                                                           8001.1   3757 2023-01-03    1365
E:\  help                                                                     7987.7 180415 2025-05-02     515
D:\  texlive2025\texlive\2025                                                 7754.6 221442 2025-12-30     273
E:\  secret\辩论会                                                                 6471      4 2022-05-15    1598
E:\  download\texlive2025                                                     6118.7  16837 2025-03-08     570
D:\  anaconda                                                                 5713.5 143670 2025-04-08     539
E:\  download\texlive2025\archive                                             5664.1  14527 2025-03-08     570
E:\  secret\picture\亲爱的妍                                                      5635.6   2183 2023-01-03    1365
E:\  bin                                                                      5298.4   3878 2025-05-18     499



